Workbook

Sheet Leads
A1: # | B1: Score | C1: Nome da empresa | D1: Tipo | E1: Segmento | F1: Cidade | G1: Estado | H1: Bairro | I1: Endereco | J1: Telefone (formatado) | K1: WhatsApp | L1: Tem WhatsApp? | M1: Delivery | N1: Plataformas | O1: Nota | P1: Avaliacoes | Q1: Site | R1: Google Maps | S1: Por que entrou | T1: Ressalvas
A2: 1 | B2: 96 | C2: Restaurante Japonês - Kazoku Sushi Delivery SBC | D2: Rede/franquia (5 unidades na base) | E2: Restaurante japonês | F2: São Bernardo do Campo | G2: SP | H2: Alvarenga | I2: Estrada do Poney Club, 1386 - Alvarenga, São Bernardo do Campo - SP, 09853-005, Brasil | J2: (11) 97391-2562 | K2: +5511973912562 | L2: Sim | M2: Sim (perfil Google) | O2: 4.8 | P2: 347 | Q2: https://www.instagram.com/kazokusushisbc/ | R2: abrir | S2: celular (WhatsApp provavel); perfil do Google marca entrega; 347 avaliacoes: porte na faixa da oferta; nota 4.8; 5 unidades encontradas na varredura: rede; site proprio
A3: 2 | B3: 96 | C3: Restaurante Japonês - SAM TEMAKERIA | D3: Rede/franquia (5 unidades na base) | E3: Restaurante japonês | F3: Osasco | G3: SP | H3: Helena Maria | I3: R. Pres. Costa e Silva, 150 - Helena Maria, Osasco - SP, 06253-000, Brasil | J3: (11) 92040-1982 | K3: +5511920401982 | L3: Sim | M3: Sim (perfil Google) | O3: 4.3 | P3: 198 | Q3: https://samtemakeria.alloy.al/samtemakeria/pedidos | R3: abrir | S3: celular (WhatsApp provavel); perfil do Google marca entrega; 198 avaliacoes: porte na faixa da oferta; nota 4.3; 5 unidades encontradas na varredura: rede; site proprio
A4: 3 | B4: 91 | C4: The Best Açaí - Santos Embaré | D4: Franquia (marca conhecida) | E4: Loja de açaí | F4: Santos | G4: SP | H4: Embaré | I4: Av. Dr. Epitácio Pessoa, 161 - Embaré, Santos - SP, 11040-095, Brasil | J4: (13) 99182-5328 | K4: +5513991825328 | L4: Sim | M4: Sim (perfil Google) | O4: 4.9 | P4: 152 | R4: abrir | S4: celular (WhatsApp provavel); perfil do Google marca entrega; 152 avaliacoes: porte na faixa da oferta; nota 4.9; unidade de franquia de porte medio
A5: 4 | B5: 91 | C5: Restaurante Japonês - LU E CAROL YAKISOBA | D5: Rede/franquia (5 unidades na base) | E5: Restaurante japonês | F5: Osasco | G5: SP | H5: Helena Maria | I5: R. Eurípedes de Paula, 04 - Helena Maria, Osasco - SP, 06250-020, Brasil | J5: (11) 95195-3596 | K5: +5511951953596 | L5: Sim | M5: Sim (perfil Google) | O5: 4.5 | P5: 144 | R5: abrir | S5: celular (WhatsApp provavel); perfil do Google marca entrega; 144 avaliacoes: porte na faixa da oferta; nota 4.5; 5 unidades encontradas na varredura: rede
A6: 5 | B6: 85 | C6: Pizzeria Caliari | D6: Independente | E6: Pizzaria | F6: Osasco | G6: SP | H6: Vila Campesina | I6: Av. Dr. Carlos de Moraes Barros, 115 - Vila Campesina, Osasco - SP, 06023-000, Brasil | J6: (11) 97467-1516 | K6: +5511974671516 | L6: Sim | M6: Confirmado (plataforma) | N6: Menudino | O6: 4.8 | P6: 784 | Q6: https://pizzeriacaliari.menudino.com/ | R6: abrir | S6: celular (WhatsApp provavel); vende em Menudino; 784 avaliacoes: porte na faixa da oferta; nota 4.8
A7: 6 | B7: 85 | C7: Pizzaria e Restaurante Pedrinho's | D7: Independente | E7: Pizzaria | F7: Santos | G7: SP | H7: Saboó | I7: Zap ( 41 - 99187.8271 - Saboó, Santos - SP, 11085-180, Brasil | J7: (13) 99720-0688 | K7: +5513997200688 | L7: Sim | M7: Confirmado (plataforma) | N7: Anota AI | O7: 4.4 | P7: 497 | Q7: https://app.anota.ai/m/HEuKM_3ul | R7: abrir | S7: celular (WhatsApp provavel); vende em Anota AI; 497 avaliacoes: porte na faixa da oferta; nota 4.4
A8: 7 | B8: 85 | C8: 200 Burgers | D8: Independente | E8: Hamburgueria | F8: São Bernardo do Campo | G8: SP | H8: Centro | I8: R. Quirino de Lima, 186 - Centro, São Bernardo do Campo - SP, 09715-370, Brasil | J8: (11) 93031-8490 | K8: +5511930318490 | L8: Sim | M8: Confirmado (plataforma) | N8: Cardapio Web | O8: 4.8 | P8: 269 | Q8: https://app.cardapioweb.com/200_burgers#promocoes | R8: abrir | S8: celular (WhatsApp provavel); vende em Cardapio Web; 269 avaliacoes: porte na faixa da oferta; nota 4.8
A9: 8 | B9: 85 | C9: Meu Burguer 013 | Hamburgueria | D9: Independente | E9: Hamburgueria | F9: Santos | G9: SP | H9: Marapé | I9: R. Joaquim Távora, 518 - Marapé, Santos - SP, 11075-301, Brasil | J9: (13) 99724-7906 | K9: +5513997247906 | L9: Sim | M9: Confirmado (plataforma) | N9: Cardapio Web | O9: 4.9 | P9: 140 | Q9: https://app.cardapioweb.com/meu_burguer | R9: abrir | S9: celular (WhatsApp provavel); vende em Cardapio Web; 140 avaliacoes: porte na faixa da oferta; nota 4.9
A10: 9 | B10: 85 | C10: Pastelaria Praça Da Batata | D10: Independente | E10: Sanduicheria | F10: Osasco | G10: SP | H10: Mutinga | I10: R. Jaspe, 64 - Mutinga, Osasco - SP, 06280-210, Brasil | J10: (11) 96431-2256 | K10: +5511964312256 | L10: Sim | M10: Confirmado (plataforma) | N10: Goomer | O10: 4.7 | P10: 87 | Q10: https://www.goomer.app/pastelaria-praca-da-batata | R10: abrir | S10: celular (WhatsApp provavel); vende em Goomer; 87 avaliacoes: porte na faixa da oferta; nota 4.7
A11: 10 | B11: 82 | C11: Restaurante Japonês - SUSHI SÃO BERNARDO | D11: Rede/franquia (5 unidades na base) | E11: Restaurante japonês | F11: São Bernardo do Campo | G11: SP | H11: Bairro dos Casa | I11: Estr. dos Casa, 2927 - Bairro dos Casa, São Bernardo do Campo - SP, 09840-088, Brasil | J11: (11) 94947-6663 | K11: +5511949476663 | L11: Sim | M11: Sim (perfil Google) | O11: 2.4 | P11: 44 | Q11: http://facebook.com/sushis%C3%A3obernardo | R11: abrir | S11: celular (WhatsApp provavel); perfil do Google marca entrega; 44 avaliacoes; 5 unidades encontradas na varredura: rede; site proprio | T11: nota baixa (2.4)
A12: 11 | B12: 81 | C12: Empório do Pastel | D12: Independente | E12: Restaurante | F12: Osasco | G12: SP | H12: Rochdale | I12: R. Agudos, 593 - Rochdale, Osasco - SP, 06223-140, Brasil | J12: (11) 97432-9185 | K12: +5511974329185 | L12: Sim | M12: Sim (perfil Google) | O12: 4.3 | P12: 896 | Q12: http://www.emporiodopastel.com.br/ | R12: abrir | S12: celular (WhatsApp provavel); perfil do Google marca entrega; 896 avaliacoes: porte na faixa da oferta; nota 4.3; site proprio
A13: 12 | B13: 81 | C13: Pastel do Akira | D13: Independente | E13: Pastelaria brasileira | F13: Santos | G13: SP | H13: Ponta da Praia | I13: R. Ver. Henrique Soler, 286 - Ponta da Praia, Santos - SP, 11030-010, Brasil | J13: (13) 99111-9505 | K13: +5513991119505 | L13: Sim | M13: Sim (perfil Google) | O13: 4.6 | P13: 855 | Q13: http://www.instagram.com/pastel.do.akira | R13: abrir | S13: celular (WhatsApp provavel); perfil do Google marca entrega; 855 avaliacoes: porte na faixa da oferta; nota 4.6; site proprio
A14: 13 | B14: 81 | C14: Tropeço Lanches | D14: Independente | E14: Lanchonete | F14: Santos | G14: SP | H14: Boqueirão | I14: Av. Bartholomeu de Gusmão, 0 - Boqueirão, Santos - SP, 11045-400, Brasil | J14: (13) 98801-0232 | K14: +5513988010232 | L14: Sim | M14: Sim (perfil Google) | O14: 4.5 | P14: 573 | Q14: https://instagram.com/tropecolanches?utm_medium=copy_link | R14: abrir | S14: celular (WhatsApp provavel); perfil do Google marca entrega; 573 avaliacoes: porte na faixa da oferta; nota 4.5; site proprio
A15: 14 | B15: 81 | C15: Hamburgueria do Fusca | D15: Independente | E15: Hamburgueria | F15: Santos | G15: SP | H15: Embaré | I15: R. Galeão Coutinho, 454 - Embaré, Santos - SP, 11040-210, Brasil | J15: (13) 99183-8160 | K15: +5513991838160 | L15: Sim | M15: Sim (perfil Google) | O15: 4.8 | P15: 557 | Q15: http://www.hamburgueriadofusca.com.br/ | R15: abrir | S15: celular (WhatsApp provavel); perfil do Google marca entrega; 557 avaliacoes: porte na faixa da oferta; nota 4.8; site proprio
A16: 15 | B16: 81 | C16: Wilmar Lanches | D16: Independente | E16: Restaurante | F16: Santos | G16: SP | H16: Embaré | I16: Pr - Av. Bartholomeu de Gusmão, S/N - Embaré, Santos - SP, 11045-400, Brasil | J16: (13) 99630-0589 | K16: +5513996300589 | L16: Sim | M16: Sim (perfil Google) | O16: 4.4 | P16: 466 | Q16: https://instabio.cc/wilmarlanches | R16: abrir | S16: celular (WhatsApp provavel); perfil do Google marca entrega; 466 avaliacoes: porte na faixa da oferta; nota 4.4; site proprio
A17: 16 | B17: 81 | C17: El Magnifico - Osasco | D17: Independente | E17: Delivery | G17: SP | J17: (11) 98567-9285 | K17: +5511985679285 | L17: Sim | M17: Sim (perfil Google) | O17: 4.1 | P17: 376 | Q17: http://www.instagram.com/elmagnificoburger_ | R17: abrir | S17: celular (WhatsApp provavel); perfil do Google marca entrega; 376 avaliacoes: porte na faixa da oferta; nota 4.1; site proprio
A18: 17 | B18: 81 | C18: Bonna Pizza Santos | D18: Independente | E18: Pizzaria | F18: Santos | G18: SP | H18: Marapé | I18: R. Carvalho de Mendonça, 771 - Marapé, Santos - SP, 11070-103, Brasil | J18: (13) 98137-8996 | K18: +5513981378996 | L18: Sim | M18: Sim (perfil Google) | O18: 4.6 | P18: 325 | Q18: https://www.instagram.com/bonna_pizzaria/ | R18: abrir | S18: celular (WhatsApp provavel); perfil do Google marca entrega; 325 avaliacoes: porte na faixa da oferta; nota 4.6; site proprio
A19: 18 | B19: 81 | C19: Casa da Vó Marmitex | D19: Independente | E19: Restaurante | F19: São Bernardo do Campo | G19: SP | H19: Bairro dos Casa | I19: Rua Senador Edson Cavalcanti, 29 - Bairro dos Casa, São Bernardo do Campo - SP, 09850-060, Brasil | J19: (11) 99392-6827 | K19: +5511993926827 | L19: Sim | M19: Sim (perfil Google) | O19: 4.3 | P19: 298 | Q19: https://delivery.yooga.app/restaurante-casa-da-vo | R19: abrir | S19: celular (WhatsApp provavel); perfil do Google marca entrega; 298 avaliacoes: porte na faixa da oferta; nota 4.3; site proprio
A20: 19 | B20: 81 | C20: J.J Restaurante & Lanchonete | D20: Independente | E20: Lanchonete | F20: Osasco | G20: SP | H20: Vila Menck | I20: Av. Pres. Médici, 1625 - Vila Menck, Osasco - SP, 06286-000, Brasil | J20: (11) 94136-8938 | K20: +5511941368938 | L20: Sim | M20: Sim (perfil Google) | O20: 4.6 | P20: 198 | Q20: https://whatsmenu.com.br/11941368938 | R20: abrir | S20: celular (WhatsApp provavel); perfil do Google marca entrega; 198 avaliacoes: porte na faixa da oferta; nota 4.6; site proprio
A21: 20 | B21: 81 | C21: Açaí Delivery Osasco | D21: Independente | E21: Sorveteria | F21: Osasco | G21: SP | H21: Centro | I21: R. Gen. Bittencourt, 487 - Centro, Osasco - SP, 06016-045, Brasil | J21: (11) 93200-5587 | K21: +5511932005587 | L21: Sim | M21: Sim (perfil Google) | O21: 4.5 | P21: 197 | Q21: https://pedido.brendi.com.br/acai-delivery-osasco | R21: abrir | S21: celular (WhatsApp provavel); perfil do Google marca entrega; 197 avaliacoes: porte na faixa da oferta; nota 4.5; site proprio
A22: 21 | B22: 81 | C22: Ih Sushi Bar | D22: Independente | E22: Restaurante japonês | F22: São Bernardo do Campo | G22: SP | H22: Vila Santa Angelina | I22: R. São Geraldo, 340 - Vila Santa Angelina, São Bernardo do Campo - SP, 09820-220, Brasil | J22: (11) 96564-0723 | K22: +5511965640723 | L22: Sim | M22: Sim (perfil Google) | O22: 4.9 | P22: 176 | Q22: https://linktr.ee/ihsushibar | R22: abrir | S22: celular (WhatsApp provavel); perfil do Google marca entrega; 176 avaliacoes: porte na faixa da oferta; nota 4.9; site proprio
A23: 22 | B23: 81 | C23: Bistrô 14 - Doces | D23: Independente | E23: Doceria | F23: Santos | G23: SP | H23: Gonzaga | I23: Av. Anna Costa, 455 - Gonzaga, Santos - SP, 11060-003, Brasil | J23: (13) 99744-1414 | K23: +5513997441414 | L23: Sim | M23: Sim (perfil Google) | O23: 4.8 | P23: 158 | Q23: https://instagram.com/bistro14_?igshid=YmMyMTA2M2Y= | R23: abrir | S23: celular (WhatsApp provavel); perfil do Google marca entrega; 158 avaliacoes: porte na faixa da oferta; nota 4.8; site proprio
A24: 23 | B24: 81 | C24: Marmitaria da Mary | D24: Independente | E24: Delivery | F24: São Bernardo do Campo | G24: SP | H24: Vila Dusi | I24: R. Arthur Corradi, 43 - Vila Dusi, São Bernardo do Campo - SP, 09725-240, Brasil | J24: (11) 98025-9644 | K24: +5511980259644 | L24: Sim | M24: Sim (perfil Google) | O24: 4.8 | P24: 155 | Q24: https://whatsmenu.com.br/marmitariadamary | R24: abrir | S24: celular (WhatsApp provavel); perfil do Google marca entrega; 155 avaliacoes: porte na faixa da oferta; nota 4.8; site proprio
A25: 24 | B25: 81 | C25: Hora do Açaí 013 | D25: Independente | E25: Restaurante | F25: Santos | G25: SP | H25: Marapé | I25: Av. Dr. Moura Ribeiro, 48A - Marapé, Santos - SP, 11070-060, Brasil | J25: (13) 99135-7287 | K25: +5513991357287 | L25: Sim | M25: Sim (perfil Google) | O25: 4.5 | P25: 141 | Q25: https://pt-br.facebook.com/horadoacai013/ | R25: abrir | S25: celular (WhatsApp provavel); perfil do Google marca entrega; 141 avaliacoes: porte na faixa da oferta; nota 4.5; site proprio
A26: 25 | B26: 81 | C26: Sushi Home Santos | Restaurante de comida Japonesa em Santos na Ponta da Praia | D26: Independente | E26: Restaurante japonês | F26: Santos | G26: SP | H26: Ponta da Praia | I26: R. Dr. Egydio Martins, 101 - Ponta da Praia, Santos - SP, 11030-161, Brasil | J26: (13) 99766-7976 | K26: +5513997667976 | L26: Sim | M26: Sim (perfil Google) | O26: 4.8 | P26: 82 | Q26: https://now.swfast.com.br/sushihomesantos/menu | R26: abrir | S26: celular (WhatsApp provavel); perfil do Google marca entrega; 82 avaliacoes: porte na faixa da oferta; nota 4.8; site proprio
A27: 26 | B27: 81 | C27: Marlene Marmitas em Santos | D27: Independente | E27: Serviço de catering | F27: Santos | G27: SP | H27: Vila Belmiro | I27: R. Particular Rio de Janeiro, 132 - Vila Belmiro, Santos - SP, 11075-345, Brasil | J27: (11) 92488-0675 | K27: +5511924880675 | L27: Sim | M27: Sim (perfil Google) | O27: 4.8 | P27: 82 | Q27: http://www.marlenemarmitas.com.br/ | R27: abrir | S27: celular (WhatsApp provavel); perfil do Google marca entrega; 82 avaliacoes: porte na faixa da oferta; nota 4.8; site proprio
A28: 27 | B28: 79 | C28: Issa Sushi Delivery Japonês - Osasco | D28: Independente | E28: Restaurante japonês | F28: Osasco | G28: SP | H28: Presidente Altino | I28: R. Ari Barroso, 215 - Pres. Altino, Osasco - SP, 06216-230, Brasil | J28: (11) 95142-7647 | K28: +5511951427647 | L28: Sim | M28: Confirmado (plataforma) | N28: Anota AI | O28: 4.9 | P28: 60 | Q28: https://pedido.anota.ai/loja/issa-sushi-delivery-1 | R28: abrir | S28: celular (WhatsApp provavel); vende em Anota AI; 60 avaliacoes; nota 4.9
A29: 28 | B29: 79 | C29: BIGLOW EXPRESS | D29: Independente | E29: Hamburgueria | F29: São Bernardo do Campo | G29: SP | H29: number:1678544 | I29: Estr. do Rio Acima, 572 - number:1678544, São Bernardo do Campo - SP, 09830-100, Brasil | J29: (11) 96443-8602 | K29: +5511964438602 | L29: Sim | M29: Confirmado (plataforma) | N29: Saipos | O29: 4.9 | P29: 52 | Q29: http://biglowexpress.saipos.com/ | R29: abrir | S29: celular (WhatsApp provavel); vende em Saipos; 52 avaliacoes; nota 4.9
A30: 29 | B30: 79 | C30: Açaiteria Mundo Brasileiro | D30: Independente | E30: Loja de açaí | F30: Osasco | G30: SP | H30: Vila Yara | I30: Av. dos Autonomistas, 501 - 503 - Loja 18 - Vila Yara, Osasco - SP, 06020-000, Brasil | J30: (11) 97690-7806 | K30: +5511976907806 | L30: Sim | M30: Confirmado (plataforma) | N30: iFood | O30: 4.9 | P30: 52 | Q30: https://www.ifood.com.br/delivery/sao-paulo-sp/acaiteria-mun | R30: abrir | S30: celular (WhatsApp provavel); vende em iFood; 52 avaliacoes; nota 4.9
A31: 30 | B31: 79 | C31: Açaí do lancaster | D31: Independente | E31: Sorveteria | F31: Santos | G31: SP | H31: Vila Nova | I31: Rua Sete de Setembro, 84 - Vila Nova, Santos - SP, 11013-350, Brasil | J31: (13) 99606-9768 | K31: +5513996069768 | L31: Sim | M31: Confirmado (plataforma) | N31: Anota AI | O31: 4.8 | P31: 31 | Q31: https://pedido.anota.ai/loja/aai-do-lancaster?f=ms | R31: abrir | S31: celular (WhatsApp provavel); vende em Anota AI; 31 avaliacoes; nota 4.8
A32: 31 | B32: 79 | C32: Esfiharia & Pizzaria do Bigode | D32: Independente | E32: Lanchonete | F32: São Bernardo do Campo | G32: SP | H32: Montanhão | I32: R. Carlos Augusto, 255 - Montanhão, São Bernardo do Campo - SP, 09792-200, Brasil | J32: (11) 95997-5330 | K32: +5511959975330 | L32: Sim | M32: Confirmado (plataforma) | N32: iFood | O32: 4.9 | P32: 30 | Q32: https://www.ifood.com.br/delivery/sao-bernardo-do-campo-sp/e | R32: abrir | S32: celular (WhatsApp provavel); vende em iFood; 30 avaliacoes; nota 4.9
A33: 32 | B33: 77 | C33: Ponto da Esfiha- Vila Yara | D33: Independente | E33: Esfiharia | F33: Osasco | G33: SP | H33: Vila Campesina | I33: R. Anselmo Pedro Medeiros, 791 - Vila Campesina, Osasco - SP, 06028-030, Brasil | J33: (11) 98276-7428 | K33: +5511982767428 | L33: Sim | M33: Sim (perfil Google) | O33: 3.9 | P33: 687 | Q33: https://kardapio.app/pontodaesfihavilayara | R33: abrir | S33: celular (WhatsApp provavel); perfil do Google marca entrega; 687 avaliacoes: porte na faixa da oferta; site proprio
A34: 33 | B34: 77 | C34: Sushi Onegai | D34: Independente | E34: Delivery | F34: São Bernardo do Campo | G34: SP | H34: Jardim Tupã | I34: Estr. do Aladino, 18 - Jardim Tupã, São Bernardo do Campo - SP, 09831-525, Brasil | J34: (11) 97836-3197 | K34: +5511978363197 | L34: Sim | M34: Sim (perfil Google) | O34: 5 | P34: 151 | Q34: https://www.instagram.com/sushi_onegai/profilecard/?igsh=MWR | R34: abrir | S34: celular (WhatsApp provavel); perfil do Google marca entrega; 151 avaliacoes: porte na faixa da oferta; site proprio
A35: 34 | B35: 76 | C35: Lanches Barton' s | D35: Independente | E35: Lanchonete | F35: Santos | G35: SP | H35: Gonzaga | I35: Av. Anna Costa, 530 - loja 37 f - Gonzaga, Santos - SP, 11060-002, Brasil | J35: (13) 99745-1679 | K35: +5513997451679 | L35: Sim | M35: Sim (perfil Google) | O35: 4.6 | P35: 288 | R35: abrir | S35: celular (WhatsApp provavel); perfil do Google marca entrega; 288 avaliacoes: porte na faixa da oferta; nota 4.6
A36: 35 | B36: 76 | C36: Big Pastel | D36: Independente | E36: Pastelaria brasileira | F36: São Bernardo do Campo | G36: SP | H36: Parque Sao Bernardo | I36: R. Almeida Leme, 69 - Parque Sao Bernardo, São Bernardo do Campo - SP, 09761-180, Brasil | J36: (11) 94605-5956 | K36: +5511946055956 | L36: Sim | M36: Sim (perfil Google) | O36: 4.6 | P36: 206 | R36: abrir | S36: celular (WhatsApp provavel); perfil do Google marca entrega; 206 avaliacoes: porte na faixa da oferta; nota 4.6
A37: 36 | B37: 76 | C37: Donana Marmitex | D37: Independente | E37: Restaurante | F37: Osasco | G37: SP | H37: Presidente Altino | I37: Rua Oswaldo Collino, 994 - Pres. Altino, Osasco - SP, 06210-005, Brasil | J37: (11) 94056-7839 | K37: +5511940567839 | L37: Sim | M37: Sim (perfil Google) | O37: 4.5 | P37: 170 | R37: abrir | S37: celular (WhatsApp provavel); perfil do Google marca entrega; 170 avaliacoes: porte na faixa da oferta; nota 4.5
A38: 37 | B38: 76 | C38: Disk Pizza Papa Léguas Santos | D38: Independente | E38: Delivery de Pizza | F38: Santos | G38: SP | H38: Marapé | I38: R. Joaquim Távora, 407 - Marapé, Santos - SP, 11075-301, Brasil | J38: (13) 97819-1436 | K38: +5513978191436 | L38: Sim | M38: Sim (perfil Google) | O38: 4.8 | P38: 166 | R38: abrir | S38: celular (WhatsApp provavel); perfil do Google marca entrega; 166 avaliacoes: porte na faixa da oferta; nota 4.8
A39: 38 | B39: 76 | C39: Açaí Bar | D39: Independente | E39: Bar informal | F39: Santos | G39: SP | H39: Bom Retiro | I39: Av. Jovino de Mello, 1328 - Bom Retiro, Santos - SP, 11088-050, Brasil | J39: (13) 98837-5311 | K39: +5513988375311 | L39: Sim | M39: Sim (perfil Google) | O39: 4.8 | P39: 112 | R39: abrir | S39: celular (WhatsApp provavel); perfil do Google marca entrega; 112 avaliacoes: porte na faixa da oferta; nota 4.8
A40: 39 | B40: 76 | C40: Pastel da Isa | D40: Independente | E40: Lanchonete | F40: Santos | G40: SP | H40: Ponta da Praia | I40: Av. Rei Pelé, 111 - Ponta da Praia, Santos - SP, 11030-401, Brasil | J40: (13) 97418-8890 | K40: +5513974188890 | L40: Sim | M40: Sim (perfil Google) | O40: 4.8 | P40: 111 | R40: abrir | S40: celular (WhatsApp provavel); perfil do Google marca entrega; 111 avaliacoes: porte na faixa da oferta; nota 4.8
A41: 40 | B41: 76 | C41: Pizzaria Paladares | D41: Independente | E41: Pizzaria | F41: Osasco | G41: SP | H41: Vila Campesina | I41: R. Dep. Emílio Carlos, 1206 - Vila Campesina, Osasco - SP, 06028-005, Brasil | J41: (11) 96653-1671 | K41: +5511966531671 | L41: Sim | M41: Sim (perfil Google) | O41: 4.5 | P41: 95 | R41: abrir | S41: celular (WhatsApp provavel); perfil do Google marca entrega; 95 avaliacoes: porte na faixa da oferta; nota 4.5
A42: 41 | B42: 76 | C42: Km 258 Restaurante e Pizzaria da Baixada Santista | D42: Independente | E42: Restaurante | F42: Santos | G42: SP | H42: Quilombo | I42: Rod. Governador Mário Covas, 5685-5851 - Quilombo, Santos - SP, 11096, Brasil | J42: (13) 99132-5346 | K42: +5513991325346 | L42: Sim | M42: Sim (perfil Google) | O42: 4.8 | P42: 91 | R42: abrir | S42: celular (WhatsApp provavel); perfil do Google marca entrega; 91 avaliacoes: porte na faixa da oferta; nota 4.8
A43: 42 | B43: 76 | C43: Xuxu's Lanches | D43: Independente | E43: Lanchonete | F43: São Bernardo do Campo | G43: SP | H43: Montanhão | I43: No muro da Sabesp Vila Sabesp - R. Carlos Augusto - Montanhão, São Bernardo do Campo - SP, 09792-200, Brasil | J43: (11) 98794-4297 | K43: +5511987944297 | L43: Sim | M43: Sim (perfil Google) | O43: 4.7 | P43: 90 | R43: abrir | S43: celular (WhatsApp provavel); perfil do Google marca entrega; 90 avaliacoes: porte na faixa da oferta; nota 4.7
A44: 43 | B44: 76 | C44: Panda To Go - Doceria e Cafeteria | D44: Independente | E44: Doceria | F44: Santos | G44: SP | H44: Embaré | I44: R. São José, 21 - Lj 2 - Embaré, Santos - SP, 11040-201, Brasil | J44: (13) 99726-5786 | K44: +5513997265786 | L44: Sim | M44: Sim (perfil Google) | O44: 4.8 | P44: 86 | R44: abrir | S44: celular (WhatsApp provavel); perfil do Google marca entrega; 86 avaliacoes: porte na faixa da oferta; nota 4.8
A45: 44 | B45: 75 | C45: Imperio da Marmita osasco (vila yolanda) entrega somente 99food e Balcão Trabalhamos somente Sabado e Domingo | D45: Independente | E45: Restaurante | F45: Osasco | G45: SP | H45: Vila Yolanda | I45: R. Formosa, 54 - Vila Yolanda, Osasco - SP, 06124-030, Brasil | J45: (11) 98495-5279 | K45: +5511984955279 | L45: Sim | M45: Sim (perfil Google) | O45: 4.8 | P45: 77 | Q45: https://imperiom99-fb5hyemt.manus.space/ | R45: abrir | S45: celular (WhatsApp provavel); perfil do Google marca entrega; 77 avaliacoes; nota 4.8; site proprio
A46: 45 | B46: 75 | C46: Paulistinha Food - Refeições Congeladas Delivery | D46: Independente | E46: Delivery | F46: Osasco | G46: SP | H46: Bela Vista | I46: R. Dirce Cristensen, 359 - Bela Vista, Osasco - SP, 06060-070, Brasil | J46: (11) 96079-4122 | K46: +5511960794122 | L46: Sim | M46: Sim (perfil Google) | O46: 4.9 | P46: 58 | Q46: http://paulistinhafoodfit.com.br/ | R46: abrir | S46: celular (WhatsApp provavel); perfil do Google marca entrega; 58 avaliacoes; nota 4.9; site proprio
A47: 46 | B47: 75 | C47: Açaí Santista | D47: Independente | E47: Delivery | F47: Santos | G47: SP | H47: Estuário | I47: Av. Afonso Pena, 433 - Estuário, Santos - SP, 11020-001, Brasil | J47: (13) 99733-2256 | K47: +5513997332256 | L47: Sim | M47: Sim (perfil Google) | O47: 4.9 | P47: 55 | Q47: https://linktr.ee/acaisantista_ | R47: abrir | S47: celular (WhatsApp provavel); perfil do Google marca entrega; 55 avaliacoes; nota 4.9; site proprio
A48: 47 | B48: 75 | C48: Pastel Do Tuiuiu | D48: Independente | E48: Pastelaria brasileira | F48: Osasco | G48: SP | H48: Helena Maria | I48: Av. João Ventura dos Santos, 925 - Helena Maria, Osasco - SP, 06260-170, Brasil | J48: (11) 95239-3770 | K48: +5511952393770 | L48: Sim | M48: Sim (perfil Google) | O48: 4.4 | P48: 50 | Q48: http://www.hubt.com.br/pastel-do-tuiuiu-delivery | R48: abrir | S48: celular (WhatsApp provavel); perfil do Google marca entrega; 50 avaliacoes; nota 4.4; site proprio
A49: 48 | B49: 75 | C49: Delícias da Baah | D49: Independente | E49: Lanchonete | F49: Osasco | G49: SP | H49: Vila Menck | I49: Av. O Trabuco Rádio Jornal, 247 - Vila Menck, Osasco - SP, 06273-060, Brasil | J49: (11) 94084-0733 | K49: +5511940840733 | L49: Sim | M49: Sim (perfil Google) | O49: 4.9 | P49: 45 | Q49: http://encurtador.com.br/fDMZ8 | R49: abrir | S49: celular (WhatsApp provavel); perfil do Google marca entrega; 45 avaliacoes; nota 4.9; site proprio
A50: 49 | B50: 75 | C50: La Kasa Pizzaria | D50: Independente | E50: Pizzaria | F50: Santos | G50: SP | H50: Vila Belmiro | I50: R. Álvares Cabral, 120 - Vila Belmiro, Santos - SP, 11075-600, Brasil | J50: (13) 99152-6959 | K50: +5513991526959 | L50: Sim | M50: Sim (perfil Google) | O50: 4.9 | P50: 40 | Q50: https://www.instagram.com/lakasapizzaria1/ | R50: abrir | S50: celular (WhatsApp provavel); perfil do Google marca entrega; 40 avaliacoes; nota 4.9; site proprio
A51: 50 | B51: 75 | C51: Ateliê do Sabor | D51: Independente | E51: Restaurante | F51: Osasco | G51: SP | H51: Vila Campesina | I51: R. Dep. Emílio Carlos, 1016 - Térreo - Vila Campesina, Osasco - SP, 06028-005, Brasil | J51: (11) 95271-0156 | K51: +5511952710156 | L51: Sim | M51: Confirmado (plataforma) | N51: iFood | O51: 5 | P51: 29 | Q51: https://www.ifood.com.br/delivery/osasco-sp/--bistro-paraiso | R51: abrir | S51: celular (WhatsApp provavel); vende em iFood; 29 avaliacoes
A52: 51 | B52: 75 | C52: Eat Easy Marmitaria | D52: Independente | E52: Loja de alimentos congelados | F52: Santos | G52: SP | H52: Boqueirão | I52: R. Dr. Miguel Presgrave, 35 - Sl 2 - Boqueirão, Santos - SP, 11045-030, Brasil | J52: (13) 99204-1661 | K52: +5513992041661 | L52: Sim | M52: Sim (perfil Google) | O52: 4.9 | P52: 29 | Q52: https://pedidos.in/eateasy | R52: abrir | S52: celular (WhatsApp provavel); perfil do Google marca entrega; 29 avaliacoes; nota 4.9; site proprio
A53: 52 | B53: 75 | C53: Marmitaria Cliquet | D53: Independente | E53: Restaurante | F53: Santos | G53: SP | H53: Areia Branca | I53: R. Raphael dos Santos Tavares, 74 - Areia Branca, Santos - SP, 11086-130, Brasil | J53: (13) 99639-2719 | K53: +5513996392719 | L53: Sim | M53: Confirmado (plataforma) | N53: Anota AI | O53: 5 | P53: 28 | Q53: https://pedido.anota.ai/loja/marmitaria-cliquet | R53: abrir | S53: celular (WhatsApp provavel); vende em Anota AI; 28 avaliacoes
A54: 53 | B54: 75 | C54: FIT013 MARMITAS | D54: Independente | E54: Restaurante de comida natural | F54: Santos | G54: SP | H54: Boqueirão | I54: R. Nabuco de Araújo, 82 - Baixos - Boqueirão, Santos - SP, 11025-010, Brasil | J54: (13) 99170-9898 | K54: +5513991709898 | L54: Sim | M54: Sim (perfil Google) | O54: 4.8 | P54: 25 | Q54: https://www.instagram.com/marmitasfit013/ | R54: abrir | S54: celular (WhatsApp provavel); perfil do Google marca entrega; 25 avaliacoes; nota 4.8; site proprio
A55: 54 | B55: 74 | C55: Q Tal Restaurante e Pizzaria em Osasco | D55: Independente | E55: Pizzaria | F55: Osasco | G55: SP | H55: Vila Campesina | I55: R. Dep. Emílio Carlos, 1257 - Vila Campesina, Osasco - SP, 06028-015, Brasil | J55: (11) 95935-9812 | K55: +5511959359812 | L55: Sim | M55: Confirmado (plataforma) | N55: iFood | O55: 4.8 | P55: 1141 | Q55: https://www.ifood.com.br/delivery/osasco-sp/restaurante-q-ta | R55: abrir | S55: celular (WhatsApp provavel); vende em iFood; nota 4.8 | T55: 1141 avaliacoes: operacao grande
A56: 55 | B56: 74 | C56: Sushi do Papa Delivery | D56: Independente | E56: Restaurante japonês | F56: Osasco | G56: SP | H56: Vila Campesina | I56: Av. Dr. Carlos de Moraes Barros, 362 - Vila Campesina, Osasco - SP, 06023-000, Brasil | J56: (11) 96398-2891 | K56: +5511963982891 | L56: Sim | M56: Confirmado (plataforma) | N56: Anota AI | O56: 4.4 | P56: 932 | Q56: https://app.anota.ai/m/Crslo1Kpw | R56: abrir | S56: celular (WhatsApp provavel); vende em Anota AI; nota 4.4 | T56: 932 avaliacoes: operacao grande
A57: 56 | B57: 72 | C57: O tempero Di vó restaurante e marmitaria | D57: Independente | E57: Restaurante | F57: Santos | G57: SP | H57: Macuco | I57: R. João Guerra, 208 - Macuco, Santos - SP, 11015-131, Brasil | J57: (13) 98192-3991 | K57: +5513981923991 | L57: Sim | M57: Sim (perfil Google) | O57: 3.6 | P57: 143 | R57: abrir | S57: celular (WhatsApp provavel); perfil do Google marca entrega; 143 avaliacoes: porte na faixa da oferta
A58: 57 | B58: 72 | C58: Salva Burguer | D58: Independente | E58: Hamburgueria | F58: Osasco | G58: SP | H58: Bonfim | I58: Rua:Aran Sefarian, 12 - Bonfim, Osasco - SP, 06216-070, Brasil | J58: (11) 93419-8662 | K58: +5511934198662 | L58: Sim | M58: Sim (perfil Google) | O58: 5 | P58: 124 | R58: abrir | S58: celular (WhatsApp provavel); perfil do Google marca entrega; 124 avaliacoes: porte na faixa da oferta
A59: 58 | B59: 71 | C59: Beguita's pizza | D59: Independente | E59: Pizzaria | F59: Santos | G59: SP | H59: Marapé | I59: Rua Alfredo Albertini, 124 - Marapé, Santos - SP, 11070-010, Brasil | J59: (13) 97802-2488 | K59: +5513978022488 | L59: Sim | M59: Sim (perfil Google) | O59: 5 | P59: 61 | Q59: https://app.gplustogo.com.br/beguitas | R59: abrir | S59: celular (WhatsApp provavel); perfil do Google marca entrega; 61 avaliacoes; site proprio
A60: 59 | B60: 71 | C60: Dolce Maestra - Doceria e Cafeteria | D60: Independente | E60: Doceria | F60: Osasco | G60: SP | H60: Ayrosa | I60: R. José Anacleto da Silva, 405 - Ayrosa, Osasco - SP, 06283-110, Brasil | J60: (11) 95708-5873 | K60: +5511957085873 | L60: Sim | M60: Sim (perfil Google) | O60: 5 | P60: 53 | Q60: https://www.instagram.com/dolcemaestra/ | R60: abrir | S60: celular (WhatsApp provavel); perfil do Google marca entrega; 53 avaliacoes; site proprio
A61: 60 | B61: 71 | C61: Belu Guloseimas | Doces Finos | Bem Casado & Mini Donuts em SBC | D61: Independente | E61: Confeitaria para casamentos | F61: São Bernardo do Campo | G61: SP | H61: Rio Grande | I61: Estr. do Rio Acima, 27 - Rio Grande, São Bernardo do Campo - SP, 09830-100, Brasil | J61: (11) 91102-4026 | K61: +5511911024026 | L61: Sim | M61: Sim (perfil Google) | O61: 5 | P61: 44 | Q61: https://www.beluguloseimas.com.br/ | R61: abrir | S61: celular (WhatsApp provavel); perfil do Google marca entrega; 44 avaliacoes; site proprio
A62: 61 | B62: 71 | C62: KaWalla Osasco | D62: Independente | E62: Sorveteria | F62: Osasco | G62: SP | H62: Vila Yara | I62: R. Benedito Américo de Oliveira, 243 - Vila Yara, Osasco - SP, 06028-080, Brasil | J62: (11) 95457-2202 | K62: +5511954572202 | L62: Sim | M62: Sim (perfil Google) | O62: 5 | P62: 35 | Q62: https://linktr.ee/KaWalla_Osasco | R62: abrir | S62: celular (WhatsApp provavel); perfil do Google marca entrega; 35 avaliacoes; site proprio
A63: 62 | B63: 71 | C63: Ateliê Con Affetto - Confeitaria e Presentes Personalizados | D63: Independente | E63: Confeitaria | F63: Osasco | G63: SP | H63: Vila Menck | I63: R. Moacir Sales d'Ávila - Vila Menck, Osasco - SP, 06288-020, Brasil | J63: (11) 99256-0360 | K63: +5511992560360 | L63: Sim | M63: Sim (perfil Google) | O63: 5 | P63: 33 | Q63: https://www.atelieconaffetto.com.br/ | R63: abrir | S63: celular (WhatsApp provavel); perfil do Google marca entrega; 33 avaliacoes; site proprio
A64: 63 | B64: 71 | C64: Tenda 013 hamburgueria | D64: Independente | E64: Hamburgueria | F64: São Bernardo do Campo | G64: SP | H64: Jardim Silvina | I64: Av. Visconde De Cairu, 570 - Jardim Silvina, São Bernardo do Campo - SP, 09791-320, Brasil | J64: (11) 94941-1732 | K64: +5511949411732 | L64: Sim | M64: Sim (perfil Google) | O64: 5 | P64: 28 | Q64: https://instagram.com/tenda.013?igshid=NTdlMDg3MTY= | R64: abrir | S64: celular (WhatsApp provavel); perfil do Google marca entrega; 28 avaliacoes; site proprio
A65: 64 | B65: 70 | C65: Bom Beef Burgers | D65: Independente | E65: Hamburgueria | F65: Santos | G65: SP | H65: Ponta da Praia | I65: Av. Dr. Pedro Lessa, 2533 - Ponta da Praia, Santos - SP, 11025-003, Brasil | J65: (13) 99748-4149 | K65: +5513997484149 | L65: Sim | M65: Sim (perfil Google) | O65: 4.4 | P65: 1734 | Q65: https://bit.ly/bombeefburgers | R65: abrir | S65: celular (WhatsApp provavel); perfil do Google marca entrega; nota 4.4; site proprio | T65: 1734 avaliacoes: operacao grande
A66: 65 | B66: 70 | C66: Johnny C Campesina Bar ao ar livre | D66: Independente | E66: Bar | F66: Osasco | G66: SP | H66: Vila Campesina | I66: R. Dep. Emílio Carlos, 1047 - Vila Campesina, Osasco - SP, 06028-015, Brasil | J66: (11) 99477-4886 | K66: +5511994774886 | L66: Sim | M66: Sim (perfil Google) | O66: 4.5 | P66: 1275 | Q66: https://www.barjohnnyc-campesina.com/ | R66: abrir | S66: celular (WhatsApp provavel); perfil do Google marca entrega; nota 4.5; site proprio | T66: 1275 avaliacoes: operacao grande
A67: 66 | B67: 70 | C67: Miroane Doceria | D67: Independente | E67: Doceria | F67: Santos | G67: SP | H67: Embaré | I67: R. Álvaro Alvim, 230 - Embaré, Santos - SP, 11040-130, Brasil | J67: (13) 98141-0707 | K67: +5513981410707 | L67: Sim | M67: Sim (perfil Google) | O67: 4.8 | P67: 1109 | Q67: http://www.doceriamiroane.com.br/ | R67: abrir | S67: celular (WhatsApp provavel); perfil do Google marca entrega; nota 4.8; site proprio | T67: 1109 avaliacoes: operacao grande
A68: 67 | B68: 70 | C68: Santo Afonso Pasta & Pizza | D68: Independente | E68: Pizzaria | F68: Santos | G68: SP | H68: Vila Mathias | I68: R. Carvalho de Mendonça, 5 - Vila Mathias, Santos - SP, 11070-100, Brasil | J68: (13) 99609-0811 | K68: +5513996090811 | L68: Sim | M68: Sim (perfil Google) | O68: 4.8 | P68: 1012 | Q68: http://www.santoafonsomassas.com.br/ | R68: abrir | S68: celular (WhatsApp provavel); perfil do Google marca entrega; nota 4.8; site proprio | T68: 1012 avaliacoes: operacao grande
A69: 68 | B69: 70 | C69: Açai Formosa Ferra | D69: Independente | E69: Restaurante | F69: São Bernardo do Campo | G69: SP | H69: Ferrazópolis | I69: R. Nossa Sra. da Boa Viagem, 442 - Ferrazópolis, São Bernardo do Campo - SP, 09781-000, Brasil | J69: (11) 95897-9313 | K69: +5511958979313 | L69: Sim | M69: Sim (perfil Google) | O69: 4.6 | P69: 78 | R69: abrir | S69: celular (WhatsApp provavel); perfil do Google marca entrega; 78 avaliacoes; nota 4.6
A70: 69 | B70: 70 | C70: PASTELARIA DO MINEIRO | D70: Independente | E70: Restaurante familiar | F70: Osasco | G70: SP | H70: Presidente Altino | I70: R. Carlos da Costa Ramalho Júnior, 367 - Pres. Altino, Osasco - SP, 06213-110, Brasil | J70: (11) 94152-0524 | K70: +5511941520524 | L70: Sim | M70: Sim (perfil Google) | O70: 4.6 | P70: 73 | R70: abrir | S70: celular (WhatsApp provavel); perfil do Google marca entrega; 73 avaliacoes; nota 4.6
A71: 70 | B71: 70 | C71: Doce Dom Confeitaria | D71: Independente | E71: Confeitaria | F71: Santos | G71: SP | H71: Gonzaga | I71: R. Luiz Suplicy, 13 A - Gonzaga, Santos - SP, 11055-330, Brasil | J71: (13) 99722-2281 | K71: +5513997222281 | L71: Sim | M71: Sim (perfil Google) | O71: 4.9 | P71: 67 | R71: abrir | S71: celular (WhatsApp provavel); perfil do Google marca entrega; 67 avaliacoes; nota 4.9
A72: 71 | B72: 70 | C72: Açaí 3 Irmãos | D72: Independente | E72: Sorveteria | F72: São Bernardo do Campo | G72: SP | H72: Parque Selecta | I72: R. Primo Bechelli, n° 48 - Parque Selecta, São Bernardo do Campo - SP, 09791-620, Brasil | J72: (11) 94984-8124 | K72: +5511949848124 | L72: Sim | M72: Sim (perfil Google) | O72: 4.8 | P72: 56 | R72: abrir | S72: celular (WhatsApp provavel); perfil do Google marca entrega; 56 avaliacoes; nota 4.8
A73: 72 | B73: 70 | C73: Pastel da Rita | D73: Independente | E73: Restaurante fast-food | F73: Santos | G73: SP | H73: Aparecida | I73: R. Alexandre Martins, 96 - Aparecida, Santos - SP, 11025-201, Brasil | J73: (13) 99676-7218 | K73: +5513996767218 | L73: Sim | M73: Sim (perfil Google) | O73: 4.8 | P73: 46 | R73: abrir | S73: celular (WhatsApp provavel); perfil do Google marca entrega; 46 avaliacoes; nota 4.8
A74: 73 | B74: 70 | C74: SALGADOs COME TUDO | D74: Independente | E74: Lanchonete | F74: Osasco | G74: SP | H74: Industrial Anhangüera | I74: R. São Rafael, 152 - Industrial Anhangüera, Osasco - SP, 02675-031, Brasil | J74: (11) 96091-4372 | K74: +5511960914372 | L74: Sim | M74: Sim (perfil Google) | O74: 4.7 | P74: 38 | R74: abrir | S74: celular (WhatsApp provavel); perfil do Google marca entrega; 38 avaliacoes; nota 4.7
A75: 74 | B75: 70 | C75: Servimos Almoco E Marmitex | D75: Independente | E75: Restaurante | F75: Osasco | G75: SP | H75: Vila dos Remedios | I75: Av. dos Remédios - Vila dos Remedios, Osasco - SP, 05107-000, Brasil | J75: (11) 93902-2083 | K75: +5511939022083 | L75: Sim | M75: Sim (perfil Google) | O75: 4.6 | P75: 38 | R75: abrir | S75: celular (WhatsApp provavel); perfil do Google marca entrega; 38 avaliacoes; nota 4.6
A76: 75 | B76: 70 | C76: Açaí do Angolano | D76: Independente | E76: Sorveteria | F76: São Bernardo do Campo | G76: SP | H76: Rio Grande | I76: Estr. do Rio Acima, 478 - Rio Grande, São Bernardo do Campo - SP, 09831-740, Brasil | J76: (11) 96441-7554 | K76: +5511964417554 | L76: Sim | M76: Sim (perfil Google) | O76: 4.4 | P76: 27 | R76: abrir | S76: celular (WhatsApp provavel); perfil do Google marca entrega; 27 avaliacoes; nota 4.4
A77: 76 | B77: 68 | C77: GREENBURGER - HAMBURGUERIA EM SANTOS | D77: Independente | E77: Hamburgueria | F77: Santos | G77: SP | H77: JARDIM CASTELO | I77: R. Prof. Celestino Bourroul, 81 - JARDIM CASTELO, Santos - SP, 11088-110, Brasil | J77: (13) 99177-9372 | K77: +5513991779372 | L77: Sim | M77: Confirmado (plataforma) | N77: Goomer | O77: 4.7 | P77: 16 | Q77: https://greenburger.goomer.app/ | R77: abrir | S77: celular (WhatsApp provavel); vende em Goomer; nota 4.7 | T77: so 16 avaliacoes: casa nova ou pouco ativa
A78: 77 | B78: 68 | C78: Panela de Barro Marmitex | D78: Independente | E78: Restaurante | F78: Barueri | G78: SP | H78: Jardim Mutinga | I78: R. Manaíra, 40 - Jardim Mutinga, Barueri - SP, 06463-070, Brasil | J78: (11) 95969-7932 | K78: +5511959697932 | L78: Sim | M78: Confirmado (plataforma) | N78: Anota AI | O78: 4.1 | P78: 12 | Q78: https://pedido.anota.ai/loja/panela-de-barro-marmitaria-1?f= | R78: abrir | S78: celular (WhatsApp provavel); vende em Anota AI; nota 4.1 | T78: so 12 avaliacoes: casa nova ou pouco ativa
A79: 78 | B79: 68 | C79: Paraiso do Açaí | D79: Independente | E79: Sorveteria | F79: São Bernardo do Campo | G79: SP | H79: Areião | I79: R. São Sebastião, 595 - Areião, São Bernardo do Campo - SP, 09792-460, Brasil | J79: (11) 97730-6030 | K79: +5511977306030 | L79: Sim | M79: Confirmado (plataforma) | N79: iFood | O79: 4.7 | P79: 6 | Q79: https://www.ifood.com.br/delivery/sao-bernardo-do-campo-sp/p | R79: abrir | S79: celular (WhatsApp provavel); vende em iFood; nota 4.7 | T79: so 6 avaliacoes: casa nova ou pouco ativa
A80: 79 | B80: 66 | C80: Pastel do Tio Júnior - Pastelaria em São Bernardo do Campo | D80: Independente | E80: Pastelaria brasileira | F80: São Bernardo do Campo | G80: SP | H80: Ferrazópolis | I80: R. Lauro do Nascimento, 50 - Ferrazópolis, São Bernardo do Campo - SP, 09781-240, Brasil | J80: (11) 96952-0556 | K80: +5511969520556 | L80: Sim | M80: Sim (perfil Google) | O80: 5 | P80: 76 | R80: abrir | S80: celular (WhatsApp provavel); perfil do Google marca entrega; 76 avaliacoes
A81: 80 | B81: 66 | C81: Bueno´s Burguer Artesanais | D81: Independente | E81: Delivery | F81: Santos | G81: SP | H81: Areia Branca | I81: Av. Jovino de Mello, 1121 - Areia Branca, Santos - SP, 11089-001, Brasil | J81: (13) 99141-8478 | K81: +5513991418478 | L81: Sim | M81: Sim (perfil Google) | O81: 5 | P81: 44 | R81: abrir | S81: celular (WhatsApp provavel); perfil do Google marca entrega; 44 avaliacoes
A82: 81 | B82: 65 | C82: BETH LANCHES CPE | D82: Independente | E82: Lanchonete | F82: Santos | G82: SP | H82: Embaré | I82: da - Avenida Bartolomeu de Gusmão, s/n Em frente igreja Santo Antônio do Embaré Em frente ao, Av. Bartholomeu de Gusmão, 34 - Embaré, Santos - SP, 11045-400, Brasil | J82: (13) 98111-3667 | K82: +5513981113667 | L82: Sim | M82: Sim (perfil Google) | O82: 4.6 | P82: 1105 | R82: abrir | S82: celular (WhatsApp provavel); perfil do Google marca entrega; nota 4.6 | T82: 1105 avaliacoes: operacao grande
A83: 82 | B83: 64 | C83: Dojô Sushi Santos | D83: Independente | E83: Restaurante japonês | F83: Santos | G83: SP | H83: Pompéia | I83: Av. Gen. Francisco Glicério, 585 - Pompéia, Santos - SP, 11065-405, Brasil | J83: (13) 99116-7063 | K83: +5513991167063 | L83: Sim | M83: Sim (perfil Google) | O83: 4.9 | P83: 6826 | Q83: http://www.dojosushisantos.com.br/ | R83: abrir | S83: celular (WhatsApp provavel); perfil do Google marca entrega; nota 4.9; site proprio | T83: 6826 avaliacoes: grande demais para a oferta
A84: 83 | B84: 64 | C84: Burgerama Hamburgueria & Buffet | D84: Independente | E84: Hamburgueria | F84: Santos | G84: SP | H84: Embaré | I84: Av. Dr. Pedro Lessa, 2104 - Embaré, Santos - SP, 11025-002, Brasil | J84: (13) 98135-0055 | K84: +5513981350055 | L84: Sim | M84: Sim (perfil Google) | O84: 4.8 | P84: 4886 | Q84: https://www.burgerama.com.br/ | R84: abrir | S84: celular (WhatsApp provavel); perfil do Google marca entrega; nota 4.8; site proprio | T84: 4886 avaliacoes: grande demais para a oferta
A85: 84 | B85: 64 | C85: D'Boa Sushi | D85: Independente | E85: Restaurante japonês | F85: Santos | G85: SP | H85: Embaré | I85: R. Conselheiro Lafayette, 68 - Embaré, Santos - SP, 11040-280, Brasil | J85: (13) 99634-5431 | K85: +5513996345431 | L85: Sim | M85: Sim (perfil Google) | O85: 4.7 | P85: 3537 | Q85: http://www.dboaemcasa.com.br/ | R85: abrir | S85: celular (WhatsApp provavel); perfil do Google marca entrega; nota 4.7; site proprio | T85: 3537 avaliacoes: grande demais para a oferta
A86: 85 | B86: 64 | C86: Carol Calazans Doceria - Santos | D86: Independente | E86: Doceria | F86: Santos | G86: SP | H86: Boqueirão | I86: Av. Washington Luís, 389 - Boqueirão, Santos - SP, 11055-001, Brasil | J86: (13) 99708-2803 | K86: +5513997082803 | L86: Sim | M86: Sim (perfil Google) | O86: 4.8 | P86: 3509 | Q86: https://www.carolcalazans.com.br/ | R86: abrir | S86: celular (WhatsApp provavel); perfil do Google marca entrega; nota 4.8; site proprio | T86: 3509 avaliacoes: grande demais para a oferta
A87: 86 | B87: 64 | C87: La Banoffeeria Santos - Doceria | D87: Independente | E87: Doceria | F87: Santos | G87: SP | H87: Gonzaga | I87: Av. Mal. Floriano Peixoto, 160 - Gonzaga, Santos - SP, 11060-300, Brasil | J87: (13) 99106-9604 | K87: +5513991069604 | L87: Sim | M87: Sim (perfil Google) | O87: 4.9 | P87: 2891 | Q87: https://linktr.ee/labanoffeeria | R87: abrir | S87: celular (WhatsApp provavel); perfil do Google marca entrega; nota 4.9; site proprio | T87: 2891 avaliacoes: grande demais para a oferta
A88: 87 | B88: 64 | C88: Açaí Concept Osasco - O Melhor Açaí de Osasco | D88: Franquia (marca conhecida) | E88: Sorveteria | F88: Osasco | G88: SP | H88: Vila Yara | I88: localizado na praça de alimentação do CZAP (13)981284894, arrefour - Av. dos Autonomistas, 1542 - Vila Yara, Osasco - SP, 06020-010, Brasil | J88: (11) 3654-2840 | K88: +551136542840 | L88: Duvidoso (fixo) | M88: Confirmado (plataforma) | N88: iFood | O88: 3.8 | P88: 55 | Q88: https://www.ifood.com.br/delivery/osasco-sp/acai-concept---o | R88: abrir | S88: vende em iFood; 55 avaliacoes; unidade de franquia de porte medio | T88: numero fixo: risco de nao ter WhatsApp
A89: 88 | B89: 64 | C89: Pizzaria delivery - Nova Impérium's Pizza | D89: Independente | E89: Delivery de Pizza | F89: São Bernardo do Campo | G89: SP | H89: Baeta Neves | I89: R. José Cardoso Siqueira, 150 - Baeta Neves, São Bernardo do Campo - SP, 09761-490, Brasil | J89: (11) 94709-8662 | K89: +5511947098662 | L89: Sim | M89: Sim (perfil Google) | O89: 4.7 | P89: 18 | Q89: https://bit.ly/VerCardapioImperiunpizza | R89: abrir | S89: celular (WhatsApp provavel); perfil do Google marca entrega; nota 4.7; site proprio | T89: so 18 avaliacoes: casa nova ou pouco ativa
A90: 89 | B90: 64 | C90: Açaí da May | D90: Independente | E90: Loja de açaí | F90: Osasco | G90: SP | H90: Vila Yara | I90: R. Benedito Soares Fernandes, 37 - Vila Yara, Osasco - SP, 06020-070, Brasil | J90: (11) 97673-3535 | K90: +5511976733535 | L90: Sim | M90: Sim (perfil Google) | O90: 4.2 | P90: 5 | Q90: https://linktr.ee/mayacaiteria | R90: abrir | S90: celular (WhatsApp provavel); perfil do Google marca entrega; nota 4.2; site proprio | T90: so 5 avaliacoes: casa nova ou pouco ativa
A91: 90 | B91: 64 | C91: Tradicional Burger - Delivery | D91: Independente | E91: Hamburgueria | F91: Osasco | G91: SP | H91: Km 18 | I91: Av. Cmte. Sampaio, 1450 - Km 18, Osasco - SP, 06192-000, Brasil | J91: (11) 92192-4060 | K91: +5511921924060 | L91: Sim | M91: Confirmado (plataforma) | N91: Cardapio Web | O91: 5 | P91: 4 | Q91: http://menu.cardapioweb.com/tradicional_burger | R91: abrir | S91: celular (WhatsApp provavel); vende em Cardapio Web | T91: so 4 avaliacoes: casa nova ou pouco ativa
A92: 91 | B92: 64 | C92: Doces Jully Bonheur | D92: Independente | E92: Confeitaria | F92: São Bernardo do Campo | G92: SP | H92: São Bernardo do Campo | I92: R. Maria Nicolina Bellucce Piatto - São Bernardo do Campo, SP, 09791-580, Brasil | J92: (11) 98797-0785 | K92: +5511987970785 | L92: Sim | M92: Confirmado (plataforma) | N92: Goomer | O92: 5 | P92: 2 | Q92: https://doces-jully.goomer.app/ | R92: abrir | S92: celular (WhatsApp provavel); vende em Goomer | T92: so 2 avaliacoes: casa nova ou pouco ativa
A93: 92 | B93: 62 | C93: Quero Mais Lanches e Drinks | D93: Independente | E93: Lanchonete | F93: Osasco | G93: SP | H93: Vila Menck | I93: 06273050 - Av. Alberto J. Byington, 491 - Vila Menck, Osasco - SP, 06273-050, Brasil | J93: (11) 97732-6125 | K93: +5511977326125 | L93: Sim | M93: Sim (perfil Google) | O93: 2.5 | P93: 78 | R93: abrir | S93: celular (WhatsApp provavel); perfil do Google marca entrega; 78 avaliacoes | T93: nota baixa (2.5)
A94: 93 | B94: 60 | C94: Pastelaria Da Beli | D94: Independente | E94: Pastelaria brasileira | F94: São Bernardo do Campo | G94: SP | H94: Finco | I94: Estr. Henrique Rosa, 562 - Finco, São Bernardo do Campo - SP, 09831-505, Brasil | J94: (11) 96971-2102 | K94: +5511969712102 | L94: Sim | M94: Nao identificado | O94: 4.8 | P94: 189 | R94: abrir | S94: celular (WhatsApp provavel); 189 avaliacoes: porte na faixa da oferta; nota 4.8 | T94: nenhum sinal de delivery no perfil
A95: 94 | B95: 60 | C95: Clara Marmitaria | D95: Independente | E95: Delivery | F95: São Bernardo do Campo | G95: SP | H95: Vila Alves Dias | I95: Av. Horácio Barione, 124 - Vila Alves Dias, São Bernardo do Campo - SP, 09851-040, Brasil | J95: (11) 93704-3107 | K95: +5511937043107 | L95: Sim | M95: Sim (perfil Google) | O95: 5 | P95: 24 | Q95: https://www.instagram.com/clara_marmitaria/ | R95: abrir | S95: celular (WhatsApp provavel); perfil do Google marca entrega; site proprio | T95: so 24 avaliacoes: casa nova ou pouco ativa
A96: 95 | B96: 60 | C96: Belas Emporio Doces Finos | D96: Independente | E96: Doceria | F96: Osasco | G96: SP | H96: Ayrosa | I96: R. Francisco de Paula Alvarenga, 250 - Ayrosa, Osasco - SP, 06283-070, Brasil | J96: (11) 96665-9884 | K96: +5511966659884 | L96: Sim | M96: Sim (perfil Google) | O96: 5 | P96: 20 | Q96: http://www.instagram.com/belas_emporio | R96: abrir | S96: celular (WhatsApp provavel); perfil do Google marca entrega; site proprio | T96: so 20 avaliacoes: casa nova ou pouco ativa
A97: 96 | B97: 60 | C97: Doces Finotti | D97: Independente | E97: Loja de bolos | F97: São Bernardo do Campo | G97: SP | H97: Montanhão | I97: R. do Cruzeiro, 328b - areião - Montanhão, São Bernardo do Campo - SP, 09792-400, Brasil | J97: (11) 93314-7380 | K97: +5511933147380 | L97: Sim | M97: Sim (perfil Google) | O97: 5 | P97: 16 | Q97: https://wa.me/5511933147380 | R97: abrir | S97: celular (WhatsApp provavel); perfil do Google marca entrega; site proprio | T97: so 16 avaliacoes: casa nova ou pouco ativa
A98: 97 | B98: 60 | C98: Kelly Cakes - Confeitaria Artesanal | D98: Independente | E98: Confeitaria | F98: São Bernardo do Campo | G98: SP | H98: Montanhão | I98: Av. Pedro Mendes, 872 - Montanhão, São Bernardo do Campo - SP, 09791-530, Brasil | J98: (11) 94056-3360 | K98: +5511940563360 | L98: Sim | M98: Sim (perfil Google) | O98: 5 | P98: 11 | Q98: https://confeitariakellycakes.com.br/ | R98: abrir | S98: celular (WhatsApp provavel); perfil do Google marca entrega; site proprio | T98: so 11 avaliacoes: casa nova ou pouco ativa
A99: 98 | B99: 60 | C99: ÁREA BURGUER | HAMBURGUERIA DELIVERY SBC | D99: Independente | E99: Hamburgueria | F99: São Bernardo do Campo | G99: SP | H99: Parque Selecta | I99: R. Sandra Nesmah Cotrim Generoso - Parque Selecta, São Bernardo do Campo - SP, 09791-493, Brasil | J99: (11) 94204-0595 | K99: +5511942040595 | L99: Sim | M99: Sim (perfil Google) | O99: 5 | P99: 9 | Q99: https://www.instagram.com/area.burguer?igsh=MTB2MTdiZjBmOWhr | R99: abrir | S99: celular (WhatsApp provavel); perfil do Google marca entrega; site proprio | T99: so 9 avaliacoes: casa nova ou pouco ativa
A100: 99 | B100: 60 | C100: Leny Doces Confeitaria Gourmet | D100: Independente | E100: Confeitaria | F100: São Bernardo do Campo | G100: SP | H100: Riacho Grande | I100: R. do Cruzeiro, 366 - Riacho Grande, São Bernardo do Campo - SP, 09792-400, Brasil | J100: (11) 99773-3534 | K100: +5511997733534 | L100: Sim | M100: Sim (perfil Google) | O100: 5 | P100: 6 | Q100: https://www.instagram.com/leny.doces/ | R100: abrir | S100: celular (WhatsApp provavel); perfil do Google marca entrega; site proprio | T100: so 6 avaliacoes: casa nova ou pouco ativa
...

Sheet Resumo
A1: Leads gastronomia + delivery — Barueri, Osasco, Santos, São Bernardo do Campo e mais
A2: Fonte: Google Maps via Apify (compass/crawler-google-places)
A3: Total de leads na planilha | B3: =COUNTA(Leads!A2:A175)
A4: Com celular (WhatsApp provavel) | B4: =COUNTIF(Leads!L2:L175,"Sim") | C4: =IFERROR(B4/$B$3,0)
A5: Delivery confirmado por plataforma de pedido | B5: =COUNTIF(Leads!M2:M175,"Confirmado*") | C5: =IFERROR(B5/$B$3,0)
A6: Entrega marcada no perfil do Google | B6: =COUNTIF(Leads!M2:M175,"Sim*") | C6: =IFERROR(B6/$B$3,0)
A7: Rede ou franquia | B7: =COUNTIF(Leads!D2:D175,"Rede/franquia*")+COUNTIF(Leads!D2:D175,"Franquia*") | C7: =IFERROR(B7/$B$3,0)
A8: Score alto (>=75): comecar por aqui | B8: =COUNTIF(Leads!B2:B175,">=75") | C8: =IFERROR(B8/$B$3,0)
A9: Prontos para abordagem (celular + plataforma de pedido) | B9: =COUNTIFS(Leads!L2:L175,"Sim",Leads!M2:M175,"Confirmado*") | C9: =IFERROR(B9/$B$3,0)
A11: Por cidade
A12: Barueri | B12: =COUNTIF(Leads!F2:F175,A12) | C12: =IFERROR(B12/$B$3,0)
A13: Osasco | B13: =COUNTIF(Leads!F2:F175,A13) | C13: =IFERROR(B13/$B$3,0)
A14: Santos | B14: =COUNTIF(Leads!F2:F175,A14) | C14: =IFERROR(B14/$B$3,0)
A15: São Bernardo do Campo | B15: =COUNTIF(Leads!F2:F175,A15) | C15: =IFERROR(B15/$B$3,0)
A16: São Paulo | B16: =COUNTIF(Leads!F2:F175,A16) | C16: =IFERROR(B16/$B$3,0)
A18: Como usar
A19: • Trabalhe de cima para baixo: a aba Leads ja vem ordenada por score.
A20: • A coluna E.164 e a que entra direto no import de leads do portal.
A21: • WhatsApp? em vermelho = numero fixo. Confira antes de gastar disparo.
A22: • Ressalvas explica o que pesou contra cada lead.
A23: • As contagens acima sao formulas: apague linhas e elas se ajustam.

Sheet Criterio
A1: Fator | B1: Pontos | C1: Por que
A2: Telefone e celular | B2: +30 | C2: 18 dos 82 leads da Mariana morreram como invalid_phone. Numero fixo nao tem WhatsApp.
A3: Telefone fixo | B3: +4 | C3: Fica na lista, mas so vale disparo depois de conferir.
A4: Delivery confirmado (plataforma) | B4: +25 | C4: Site aponta para iFood, Anota AI, Cardapio Web, Goomer, Menudino ou Saipos: operacao digital rodando.
A5: Entrega no perfil do Google | B5: +16 | C5: 81% dos lugares marcam entrega, entao isso qualifica mas quase nao diferencia.
A6: Delivery provavel | B6: +10 | C6: So o nome ou a categoria sugerem entrega.
A7: 80 a 900 avaliacoes | B7: +20 | C7: Faixa de porte da oferta: pequeno e medio que ja vende.
A8: 25 a 79 avaliacoes | B8: +14 | C8: Casa menor, ainda dentro do publico.
A9: 900 a 2500 avaliacoes | B9: +9 | C9: Operacao grande: costuma ja ter stack propria.
A10: Acima de 2500 avaliacoes | B10: +3 | C10: Grande demais para a oferta.
A11: Menos de 25 avaliacoes | B11: +3 | C11: Casa nova ou pouco ativa: risco de nao ter volume.
A12: Nota entre 4,0 e 4,9 | B12: +10 | C12: Operacao cuidada e com gestao presente.
... A16: Rede nacional | B16: -25 | C16: O numero publicado e central ou robo de pedido, e a unidade nao decide sozinha.
A18: Descartados antes do ranking
A19: • Lugares fechados em definitivo ou temporariamente.
A20: • Sem telefone publicado (nao ha como abordar).
A21: • Telefone repetido (a mesma casa aparecendo em varias buscas).
A22: • Categoria fora do ramo (hotel, posto, mercado, farmacia).
